MM:DD:YYYY hh:mm:ss,Library_Version,Session_type,Device_Number,Battery_Voltage,Motor_Turns,FR,Event,Active_Poke,Left_Poke_Count,Right_Poke_Count,Pellet_Count,Block_Pellet_Count,Retrieval_Time,InterPelletInterval,Poke_Time
7/24/2024 12:58:39,1.16.3,FreeFeed,9,3.80,6,1,Pellet,Left,0,0,1,0,0.06,nan,nan
7/24/2024 13:04:14,1.16.3,FreeFeed,9,3.80,3,1,Pellet,Left,0,0,2,0,Timed_out,335,nan
7/24/2024 13:17:02,1.16.3,FreeFeed,9,3.80,1,1,Pellet,Left,0,0,3,0,Timed_out,768,nan
7/24/2024 13:21:28,1.16.3,FreeFeed,9,3.80,1,1,Pellet,Left,0,0,4,0,Timed_out,266,nan
7/24/2024 13:22:06,1.16.3,FreeFeed,9,3.80,2,1,Pellet,Left,0,0,5,0,0.06,38,nan
7/24/2024 13:52:07,1.16.3,FreeFeed,9,3.80,nan,1,LeftWithPellet,Left,1,0,5,0,nan,nan,0.18
7/24/2024 13:52:16,1.16.3,FreeFeed,9,3.80,1,1,Pellet,Left,1,0,6,0,Timed_out,1810,nan
7/24/2024 13:52:53,1.16.3,FreeFeed,9,3.79,1,1,Pellet,Left,1,0,7,0,0.06,37,nan
7/24/2024 14:02:07,1.16.3,FreeFeed,9,3.80,nan,1,LeftWithPellet,Left,2,0,7,0,nan,nan,0.17
7/24/2024 14:14:46,1.16.3,FreeFeed,9,3.80,1,1,Pellet,Left,2,0,8,0,Timed_out,1313,nan
7/24/2024 16:08:33,1.16.3,FreeFeed,9,3.79,1,1,Pellet,Left,2,0,9,0,Timed_out,6827,nan
7/24/2024 16:09:19,1.16.3,FreeFeed,9,3.80,2,1,Pellet,Left,2,0,10,0,6.64,45,nan
7/24/2024 16:09:56,1.16.3,FreeFeed,9,3.79,1,1,Pellet,Left,2,0,11,0,0.75,38,nan
7/24/2024 16:10:36,1.16.3,FreeFeed,9,3.80,1,1,Pellet,Left,2,0,12,0,2.71,39,nan
7/24/2024 16:11:22,1.16.3,FreeFeed,9,3.79,1,1,Pellet,Left,2,0,13,0,9.93,47,nan
7/24/2024 16:12:49,1.16.3,FreeFeed,9,3.79,1,1,Pellet,Left,2,0,14,0,50.56,87,nan
7/24/2024 16:13:23,1.16.3,FreeFeed,9,3.80,1,1,Pellet,Left,2,0,15,0,0.06,34,nan
7/24/2024 16:13:28,1.16.3,FreeFeed,9,3.79,nan,1,LeftinTimeOut,Left,3,0,15,0,nan,nan,nan
7/24/2024 16:13:30,1.16.3,FreeFeed,9,3.79,nan,1,LeftinTimeOut,Left,4,0,15,0,nan,nan,nan
7/24/2024 16:14:01,1.16.3,FreeFeed,9,3.80,1,1,Pellet,Left,4,0,16,0,1.13,38,nan
7/24/2024 16:14:38,1.16.3,FreeFeed,9,3.79,1,1,Pellet,Left,4,0,17,0,0.06,37,nan
7/24/2024 16:15:15,1.16.3,FreeFeed,9,3.79,1,1,Pellet,Left,4,0,18,0,0.06,37,nan
7/24/2024 16:15:54,1.16.3,FreeFeed,9,3.79,3,1,Pellet,Left,4,0,19,0,0.06,39,nan
7/24/2024 17:03:43,1.16.3,FreeFeed,9,3.78,2,1,Pellet,Left,4,0,20,0,Timed_out,2869,nan
7/24/2024 17:04:20,1.16.3,FreeFeed,9,3.79,2,1,Pellet,Left,4,0,21,0,0.06,37,nan
7/24/2024 17:04:57,1.16.3,FreeFeed,9,3.79,2,1,Pellet,Left,4,0,22,0,0.06,37,nan
7/24/2024 17:57:41,1.16.3,FreeFeed,9,3.78,2,1,Pellet,Left,4,0,23,0,Timed_out,3164,nan
7/24/2024 17:58:14,1.16.3,FreeFeed,9,3.78,1,1,Pellet,Left,4,0,24,0,0.06,33,nan
7/24/2024 17:58:52,1.16.3,FreeFeed,9,3.78,1,1,Pellet,Left,4,0,25,0,2.15,38,nan
7/24/2024 17:59:30,1.16.3,FreeFeed,9,3.79,1,1,Pellet,Left,4,0,26,0,0.56,38,nan
7/24/2024 18:00:06,1.16.3,FreeFeed,9,3.79,2,1,Pellet,Left,4,0,27,0,0.06,36,nan
7/24/2024 18:00:43,1.16.3,FreeFeed,9,3.78,1,1,Pellet,Left,4,0,28,0,0.06,37,nan
7/24/2024 18:01:20,1.16.3,FreeFeed,9,3.80,1,1,Pellet,Left,4,0,29,0,0.06,37,nan
7/24/2024 18:16:38,1.16.3,FreeFeed,9,3.78,nan,1,LeftWithPellet,Left,5,0,29,0,nan,nan,0.04
7/24/2024 18:20:07,1.16.3,FreeFeed,9,3.79,1,1,Pellet,Left,5,0,30,0,Timed_out,1126,nan
7/24/2024 18:26:30,1.16.3,FreeFeed,9,3.79,3,1,Pellet,Left,5,0,31,0,Timed_out,384,nan
7/24/2024 18:26:43,1.16.3,FreeFeed,9,3.78,nan,1,LeftinTimeOut,Left,6,0,31,0,nan,nan,nan
7/24/2024 18:27:10,1.16.3,FreeFeed,9,3.79,3,1,Pellet,Left,6,0,32,0,0.06,40,nan
7/24/2024 18:27:40,1.16.3,FreeFeed,9,3.78,nan,1,RightinTimeout,Left,6,1,32,0,nan,nan,0.18
7/24/2024 18:29:59,1.16.3,FreeFeed,9,3.78,1,1,Pellet,Left,6,1,33,0,Timed_out,169,nan
7/24/2024 18:30:35,1.16.3,FreeFeed,9,3.78,nan,1,LeftDuringDispense,Left,7,1,33,0,nan,nan,0.28
7/24/2024 18:34:20,1.16.3,FreeFeed,9,3.78,nan,1,RightWithPellet,Left,7,2,33,0,nan,nan,0.07
7/24/2024 18:38:48,1.16.3,FreeFeed,9,3.78,3,1,Pellet,Left,7,2,34,0,Timed_out,529,nan
7/24/2024 18:47:31,1.16.3,FreeFeed,9,3.79,2,1,Pellet,Left,7,2,35,0,Timed_out,523,nan
7/24/2024 18:56:44,1.16.3,FreeFeed,9,3.78,2,1,Pellet,Left,7,2,36,0,Timed_out,553,nan
7/24/2024 18:59:42,1.16.3,FreeFeed,9,3.78,nan,1,LeftWithPellet,Left,8,2,36,0,nan,nan,0.93
7/24/2024 19:00:05,1.16.3,FreeFeed,9,3.78,1,1,Pellet,Left,8,2,37,0,Timed_out,200,nan
7/24/2024 19:00:20,1.16.3,FreeFeed,9,3.78,nan,1,RightinTimeout,Left,8,3,37,0,nan,nan,0.06
7/24/2024 19:01:08,1.16.3,FreeFeed,9,3.78,1,1,Pellet,Left,8,3,38,0,26.91,64,nan
7/24/2024 19:01:45,1.16.3,FreeFeed,9,3.78,1,1,Pellet,Left,8,3,39,0,0.06,37,nan
7/24/2024 19:02:23,1.16.3,FreeFeed,9,3.78,1,1,Pellet,Left,8,3,40,0,0.06,37,nan
7/24/2024 19:06:05,1.16.3,FreeFeed,9,3.78,2,1,Pellet,Left,8,3,41,0,Timed_out,223,nan
7/24/2024 19:06:45,1.16.3,FreeFeed,9,3.78,2,1,Pellet,Left,8,3,42,0,0.06,40,nan
7/24/2024 19:13:31,1.16.3,FreeFeed,9,3.78,1,1,Pellet,Left,8,3,43,0,Timed_out,406,nan
7/24/2024 19:14:08,1.16.3,FreeFeed,9,3.78,2,1,Pellet,Left,8,3,44,0,0.06,37,nan
7/24/2024 19:15:58,1.16.3,FreeFeed,9,3.78,1,1,Pellet,Left,8,3,45,0,Timed_out,110,nan
7/24/2024 19:17:28,1.16.3,FreeFeed,9,3.78,nan,1,LeftWithPellet,Left,9,3,45,0,nan,nan,0.32
7/24/2024 19:25:53,1.16.3,FreeFeed,9,3.78,1,1,Pellet,Left,9,3,46,0,Timed_out,595,nan
7/24/2024 19:27:18,1.16.3,FreeFeed,9,3.78,1,1,Pellet,Left,9,3,47,0,48.43,85,nan
7/24/2024 19:30:10,1.16.3,FreeFeed,9,3.78,2,1,Pellet,Left,9,3,48,0,Timed_out,172,nan
7/24/2024 19:38:21,1.16.3,FreeFeed,9,3.78,1,1,Pellet,Left,9,3,49,0,Timed_out,491,nan
7/24/2024 19:45:39,1.16.3,FreeFeed,9,3.78,1,1,Pellet,Left,9,3,50,0,Timed_out,438,nan
7/24/2024 19:46:16,1.16.3,FreeFeed,9,3.78,2,1,Pellet,Left,9,3,51,0,0.06,37,nan
7/24/2024 19:47:50,1.16.3,FreeFeed,9,3.78,1,1,Pellet,Left,9,3,52,0,57.46,94,nan
7/24/2024 19:50:13,1.16.3,FreeFeed,9,3.78,1,1,Pellet,Left,9,3,53,0,Timed_out,143,nan
7/24/2024 19:58:56,1.16.3,FreeFeed,9,3.78,1,1,Pellet,Left,9,3,54,0,Timed_out,523,nan
7/24/2024 20:00:09,1.16.3,FreeFeed,9,3.78,1,1,Pellet,Left,9,3,55,0,36.66,73,nan
7/24/2024 20:00:46,1.16.3,FreeFeed,9,3.78,1,1,Pellet,Left,9,3,56,0,0.75,37,nan
7/24/2024 20:10:45,1.16.3,FreeFeed,9,3.78,1,1,Pellet,Left,9,3,57,0,Timed_out,599,nan
7/24/2024 20:11:22,1.16.3,FreeFeed,9,3.78,1,1,Pellet,Left,9,3,58,0,0.75,37,nan
7/24/2024 20:12:00,1.16.3,FreeFeed,9,3.78,1,1,Pellet,Left,9,3,59,0,0.50,38,nan
7/24/2024 20:12:37,1.16.3,FreeFeed,9,3.78,1,1,Pellet,Left,9,3,60,0,0.06,37,nan
7/24/2024 20:13:22,1.16.3,FreeFeed,9,3.78,2,1,Pellet,Left,9,3,61,0,5.88,45,nan
7/24/2024 20:17:52,1.16.3,FreeFeed,9,3.78,3,1,Pellet,Left,9,3,62,0,Timed_out,269,nan
7/24/2024 20:20:57,1.16.3,FreeFeed,9,3.78,nan,1,LeftWithPellet,Left,10,3,62,0,nan,nan,0.06
7/24/2024 20:37:18,1.16.3,FreeFeed,9,3.78,1,1,Pellet,Left,10,3,63,0,Timed_out,1167,nan
7/24/2024 20:37:55,1.16.3,FreeFeed,9,3.78,1,1,Pellet,Left,10,3,64,0,0.06,37,nan
7/24/2024 20:41:31,1.16.3,FreeFeed,9,3.78,nan,1,LeftWithPellet,Left,11,3,64,0,nan,nan,0.06
7/24/2024 20:44:02,1.16.3,FreeFeed,9,3.78,1,1,Pellet,Left,11,3,65,0,Timed_out,367,nan
7/24/2024 20:54:55,1.16.3,FreeFeed,9,3.78,2,1,Pellet,Left,11,3,66,0,Timed_out,653,nan
7/24/2024 20:55:32,1.16.3,FreeFeed,9,3.78,1,1,Pellet,Left,11,3,67,0,0.06,37,nan
7/24/2024 20:56:12,1.16.3,FreeFeed,9,3.77,1,1,Pellet,Left,11,3,68,0,3.41,40,nan
7/24/2024 21:04:17,1.16.3,FreeFeed,9,3.78,1,1,Pellet,Left,11,3,69,0,Timed_out,485,nan
7/24/2024 21:04:56,1.16.3,FreeFeed,9,3.77,1,1,Pellet,Left,11,3,70,0,2.33,39,nan
7/24/2024 21:15:20,1.16.3,FreeFeed,9,3.78,nan,1,LeftWithPellet,Left,12,3,70,0,nan,nan,0.07
7/24/2024 21:15:22,1.16.3,FreeFeed,9,3.77,1,1,Pellet,Left,12,3,71,0,Timed_out,626,nan
7/24/2024 21:15:26,1.16.3,FreeFeed,9,3.78,nan,1,RightinTimeout,Left,12,4,71,0,nan,nan,0.27
7/24/2024 21:15:55,1.16.3,FreeFeed,9,3.78,1,1,Pellet,Left,12,4,72,0,0.06,32,nan
7/24/2024 21:15:57,1.16.3,FreeFeed,9,3.78,nan,1,RightinTimeout,Left,12,5,72,0,nan,nan,0.33
7/24/2024 21:15:58,1.16.3,FreeFeed,9,3.78,nan,1,RightinTimeout,Left,12,6,72,0,nan,nan,0.26
7/24/2024 21:16:31,1.16.3,FreeFeed,9,3.78,1,1,Pellet,Left,12,6,73,0,0.06,37,nan
7/24/2024 21:22:00,1.16.3,FreeFeed,9,3.77,1,1,Pellet,Left,12,6,74,0,Timed_out,329,nan
7/24/2024 21:22:32,1.16.3,FreeFeed,9,3.78,1,1,Pellet,Left,12,6,75,0,0.06,32,nan
7/24/2024 21:23:11,1.16.3,FreeFeed,9,3.78,2,1,Pellet,Left,12,6,76,0,0.06,39,nan
7/24/2024 21:24:01,1.16.3,FreeFeed,9,3.77,1,1,Pellet,Left,12,6,77,0,12.80,50,nan
7/24/2024 21:24:38,1.16.3,FreeFeed,9,3.78,1,1,Pellet,Left,12,6,78,0,0.06,37,nan
7/24/2024 21:25:15,1.16.3,FreeFeed,9,3.78,1,1,Pellet,Left,12,6,79,0,0.06,37,nan
7/24/2024 21:26:17,1.16.3,FreeFeed,9,3.77,1,1,Pellet,Left,12,6,80,0,25.97,62,nan
7/24/2024 21:26:55,1.16.3,FreeFeed,9,3.77,1,1,Pellet,Left,12,6,81,0,1.13,38,nan
7/24/2024 21:41:14,1.16.3,FreeFeed,9,3.77,1,1,Pellet,Left,12,6,82,0,Timed_out,859,nan
7/24/2024 21:41:54,1.16.3,FreeFeed,9,3.78,1,1,Pellet,Left,12,6,83,0,2.40,40,nan
7/24/2024 21:42:35,1.16.3,FreeFeed,9,3.78,1,1,Pellet,Left,12,6,84,0,4.55,41,nan
7/24/2024 21:43:11,1.16.3,FreeFeed,9,3.78,1,1,Pellet,Left,12,6,85,0,0.06,36,nan
7/24/2024 22:02:24,1.16.3,FreeFeed,9,3.77,1,1,Pellet,Left,12,6,86,0,Timed_out,1153,nan
7/24/2024 22:03:07,1.16.3,FreeFeed,9,3.77,1,1,Pellet,Left,12,6,87,0,6.14,43,nan
7/24/2024 22:03:57,1.16.3,FreeFeed,9,3.77,1,1,Pellet,Left,12,6,88,0,13.06,50,nan
7/24/2024 22:04:35,1.16.3,FreeFeed,9,3.77,1,1,Pellet,Left,12,6,89,0,0.94,38,nan
7/24/2024 22:05:12,1.16.3,FreeFeed,9,3.78,1,1,Pellet,Left,12,6,90,0,0.06,37,nan
7/24/2024 22:05:52,1.16.3,FreeFeed,9,3.77,2,1,Pellet,Left,12,6,91,0,2.08,39,nan
7/24/2024 22:06:29,1.16.3,FreeFeed,9,3.77,2,1,Pellet,Left,12,6,92,0,0.88,38,nan
7/24/2024 22:07:46,1.16.3,FreeFeed,9,3.77,1,1,Pellet,Left,12,6,93,0,40.17,77,nan
7/24/2024 22:10:16,1.16.3,FreeFeed,9,3.77,1,1,Pellet,Left,12,6,94,0,Timed_out,150,nan
7/24/2024 22:12:14,1.16.3,FreeFeed,9,3.78,nan,1,LeftWithPellet,Left,13,6,94,0,nan,nan,1.11
7/24/2024 22:25:38,1.16.3,FreeFeed,9,3.78,1,1,Pellet,Left,13,6,95,0,Timed_out,922,nan
7/24/2024 22:53:11,1.16.3,FreeFeed,9,3.77,1,1,Pellet,Left,13,6,96,0,Timed_out,1653,nan
7/24/2024 22:53:51,1.16.3,FreeFeed,9,3.77,2,1,Pellet,Left,13,6,97,0,1.19,40,nan
7/24/2024 22:54:28,1.16.3,FreeFeed,9,3.77,2,1,Pellet,Left,13,6,98,0,0.06,37,nan
7/24/2024 22:55:05,1.16.3,FreeFeed,9,3.77,1,1,Pellet,Left,13,6,99,0,0.82,37,nan
7/24/2024 22:55:43,1.16.3,FreeFeed,9,3.77,1,1,Pellet,Left,13,6,100,0,0.94,38,nan
7/24/2024 22:56:07,1.16.3,FreeFeed,9,3.77,nan,1,LeftinTimeOut,Left,14,6,100,0,nan,nan,nan
7/24/2024 22:56:33,1.16.3,FreeFeed,9,3.77,1,1,Pellet,Left,14,6,101,0,12.11,49,nan
7/24/2024 22:57:09,1.16.3,FreeFeed,9,3.77,1,1,Pellet,Left,14,6,102,0,0.06,37,nan
7/24/2024 22:57:48,1.16.3,FreeFeed,9,3.77,1,1,Pellet,Left,14,6,103,0,1.96,39,nan
7/24/2024 22:58:27,1.16.3,FreeFeed,9,3.78,1,1,Pellet,Left,14,6,104,0,1.77,39,nan
7/24/2024 22:59:04,1.16.3,FreeFeed,9,3.76,1,1,Pellet,Left,14,6,105,0,0.69,37,nan
7/24/2024 22:59:40,1.16.3,FreeFeed,9,3.77,1,1,Pellet,Left,14,6,106,0,0.06,36,nan
7/24/2024 23:00:26,1.16.3,FreeFeed,9,3.77,2,1,Pellet,Left,14,6,107,0,6.33,46,nan
7/24/2024 23:06:05,1.16.3,FreeFeed,9,3.77,1,1,Pellet,Left,14,6,108,0,Timed_out,339,nan
7/24/2024 23:10:25,1.16.3,FreeFeed,9,3.77,1,1,Pellet,Left,14,6,109,0,Timed_out,260,nan
7/24/2024 23:11:01,1.16.3,FreeFeed,9,3.76,1,1,Pellet,Left,14,6,110,0,0.50,36,nan
7/24/2024 23:11:51,1.16.3,FreeFeed,9,3.77,1,1,Pellet,Left,14,6,111,0,13.36,50,nan
7/24/2024 23:12:28,1.16.3,FreeFeed,9,3.77,1,1,Pellet,Left,14,6,112,0,0.06,37,nan
7/24/2024 23:14:10,1.16.3,FreeFeed,9,3.77,nan,1,LeftWithPellet,Left,15,6,112,0,nan,nan,0.57
7/24/2024 23:14:13,1.16.3,FreeFeed,9,3.77,nan,1,LeftWithPellet,Left,16,6,112,0,nan,nan,0.57
7/24/2024 23:14:19,1.16.3,FreeFeed,9,3.77,nan,1,LeftWithPellet,Left,17,6,112,0,nan,nan,0.29
7/24/2024 23:14:31,1.16.3,FreeFeed,9,3.77,nan,1,LeftWithPellet,Left,18,6,112,0,nan,nan,0.14
7/24/2024 23:14:32,1.16.3,FreeFeed,9,3.77,nan,1,LeftWithPellet,Left,19,6,112,0,nan,nan,0.09
7/24/2024 23:14:36,1.16.3,FreeFeed,9,3.76,nan,1,LeftWithPellet,Left,20,6,112,0,nan,nan,0.12
7/24/2024 23:14:39,1.16.3,FreeFeed,9,3.76,nan,1,LeftWithPellet,Left,21,6,112,0,nan,nan,0.37
7/24/2024 23:14:41,1.16.3,FreeFeed,9,3.77,nan,1,LeftWithPellet,Left,22,6,112,0,nan,nan,1.03
7/24/2024 23:14:46,1.16.3,FreeFeed,9,3.77,1,1,Pellet,Left,22,6,113,0,Timed_out,138,nan
7/24/2024 23:14:50,1.16.3,FreeFeed,9,3.77,nan,1,LeftinTimeOut,Left,23,6,113,0,nan,nan,nan
7/24/2024 23:14:51,1.16.3,FreeFeed,9,3.76,nan,1,LeftinTimeOut,Left,24,6,113,0,nan,nan,nan
7/24/2024 23:14:52,1.16.3,FreeFeed,9,3.76,nan,1,LeftinTimeOut,Left,25,6,113,0,nan,nan,nan
7/24/2024 23:14:53,1.16.3,FreeFeed,9,3.77,nan,1,LeftinTimeOut,Left,26,6,113,0,nan,nan,nan
7/24/2024 23:15:22,1.16.3,FreeFeed,9,3.77,1,1,Pellet,Left,26,6,114,0,0.06,36,nan
7/24/2024 23:18:09,1.16.3,FreeFeed,9,3.77,1,1,Pellet,Left,26,6,115,0,Timed_out,167,nan
7/24/2024 23:20:55,1.16.3,FreeFeed,9,3.76,1,1,Pellet,Left,26,6,116,0,Timed_out,166,nan
7/24/2024 23:21:32,1.16.3,FreeFeed,9,3.76,1,1,Pellet,Left,26,6,117,0,0.06,37,nan
7/24/2024 23:27:29,1.16.3,FreeFeed,9,3.77,nan,1,LeftWithPellet,Left,27,6,117,0,nan,nan,0.68
7/24/2024 23:41:37,1.16.3,FreeFeed,9,3.76,nan,1,LeftWithPellet,Left,28,6,117,0,nan,nan,0.86
7/24/2024 23:41:47,1.16.3,FreeFeed,9,3.76,2,1,Pellet,Left,28,6,118,0,Timed_out,1215,nan
7/24/2024 23:41:48,1.16.3,FreeFeed,9,3.77,nan,1,RightinTimeout,Left,28,7,118,0,nan,nan,0.36
7/24/2024 23:44:57,1.16.3,FreeFeed,9,3.77,nan,1,LeftWithPellet,Left,29,7,118,0,nan,nan,0.30
7/24/2024 23:46:02,1.16.3,FreeFeed,9,3.76,1,1,Pellet,Left,29,7,119,0,Timed_out,255,nan
7/24/2024 23:47:13,1.16.3,FreeFeed,9,3.77,1,1,Pellet,Left,29,7,120,0,34.05,70,nan
7/24/2024 23:51:01,1.16.3,FreeFeed,9,3.77,1,1,Pellet,Left,29,7,121,0,Timed_out,229,nan
7/24/2024 23:51:38,1.16.3,FreeFeed,9,3.77,1,1,Pellet,Left,29,7,122,0,0.06,37,nan
7/24/2024 23:52:15,1.16.3,FreeFeed,9,3.76,1,1,Pellet,Left,29,7,123,0,0.06,37,nan
7/24/2024 23:55:05,1.16.3,FreeFeed,9,3.76,1,1,Pellet,Left,29,7,124,0,Timed_out,170,nan
7/25/2024 0:01:00,1.16.3,FreeFeed,9,3.77,nan,1,RightWithPellet,Left,29,8,124,0,nan,nan,0.01
7/25/2024 0:01:09,1.16.3,FreeFeed,9,3.76,nan,1,LeftWithPellet,Left,30,8,124,0,nan,nan,0.48
7/25/2024 0:01:11,1.16.3,FreeFeed,9,3.77,nan,1,LeftWithPellet,Left,31,8,124,0,nan,nan,0.06
7/25/2024 0:02:41,1.16.3,FreeFeed,9,3.77,1,1,Pellet,Left,31,8,125,0,Timed_out,456,nan
7/25/2024 0:03:18,1.16.3,FreeFeed,9,3.76,2,1,Pellet,Left,31,8,126,0,0.06,37,nan
7/25/2024 0:09:55,1.16.3,FreeFeed,9,3.76,1,1,Pellet,Left,31,8,127,0,Timed_out,397,nan
7/25/2024 0:10:32,1.16.3,FreeFeed,9,3.77,1,1,Pellet,Left,31,8,128,0,0.06,37,nan
7/25/2024 0:19:54,1.16.3,FreeFeed,9,3.76,1,1,Pellet,Left,31,8,129,0,Timed_out,562,nan
7/25/2024 0:20:31,1.16.3,FreeFeed,9,3.76,1,1,Pellet,Left,31,8,130,0,0.06,37,nan
7/25/2024 0:21:35,1.16.3,FreeFeed,9,3.76,1,1,Pellet,Left,31,8,131,0,32.59,63,nan
7/25/2024 0:22:02,1.16.3,FreeFeed,9,3.76,nan,1,LeftinTimeOut,Left,32,8,131,0,nan,nan,nan
7/25/2024 0:22:18,1.16.3,FreeFeed,9,3.76,1,1,Pellet,Left,32,8,132,0,6.01,44,nan
7/25/2024 0:26:39,1.16.3,FreeFeed,9,3.76,nan,1,LeftWithPellet,Left,33,8,132,0,nan,nan,0.26
7/25/2024 0:26:41,1.16.3,FreeFeed,9,3.76,nan,1,LeftWithPellet,Left,34,8,132,0,nan,nan,0.34
7/25/2024 0:26:48,1.16.3,FreeFeed,9,3.76,2,1,Pellet,Left,34,8,133,0,Timed_out,270,nan
7/25/2024 0:26:52,1.16.3,FreeFeed,9,3.76,nan,1,LeftinTimeOut,Left,35,8,133,0,nan,nan,nan
7/25/2024 0:26:53,1.16.3,FreeFeed,9,3.76,nan,1,LeftinTimeOut,Left,36,8,133,0,nan,nan,nan
7/25/2024 0:26:57,1.16.3,FreeFeed,9,3.76,nan,1,RightinTimeout,Left,36,9,133,0,nan,nan,0.33
7/25/2024 0:26:58,1.16.3,FreeFeed,9,3.76,nan,1,RightinTimeout,Left,36,10,133,0,nan,nan,0.42
7/25/2024 0:27:03,1.16.3,FreeFeed,9,3.76,nan,1,LeftinTimeOut,Left,37,10,133,0,nan,nan,nan
7/25/2024 0:27:09,1.16.3,FreeFeed,9,3.76,nan,1,RightinTimeout,Left,37,11,133,0,nan,nan,0.26
7/25/2024 0:30:59,1.16.3,FreeFeed,9,3.76,1,1,Pellet,Left,37,11,134,0,Timed_out,251,nan
7/25/2024 0:35:26,1.16.3,FreeFeed,9,3.76,2,1,Pellet,Left,37,11,135,0,Timed_out,267,nan
7/25/2024 2:06:18,1.16.3,FreeFeed,9,3.76,1,1,Pellet,Left,37,11,136,0,Timed_out,5452,nan
7/25/2024 2:06:55,1.16.3,FreeFeed,9,3.76,1,1,Pellet,Left,37,11,137,0,0.06,37,nan
7/25/2024 2:08:39,1.16.3,FreeFeed,9,3.76,1,1,Pellet,Left,37,11,138,0,Timed_out,104,nan
7/25/2024 2:09:18,1.16.3,FreeFeed,9,3.76,1,1,Pellet,Left,37,11,139,0,1.45,39,nan
7/25/2024 2:09:54,1.16.3,FreeFeed,9,3.76,1,1,Pellet,Left,37,11,140,0,0.06,36,nan
7/25/2024 2:47:00,1.16.3,FreeFeed,9,3.76,1,1,Pellet,Left,37,11,141,0,Timed_out,2226,nan
7/25/2024 2:47:38,1.16.3,FreeFeed,9,3.75,1,1,Pellet,Left,37,11,142,0,0.37,38,nan
7/25/2024 2:48:21,1.16.3,FreeFeed,9,3.76,1,1,Pellet,Left,37,11,143,0,6.33,42,nan
7/25/2024 2:48:57,1.16.3,FreeFeed,9,3.75,1,1,Pellet,Left,37,11,144,0,0.06,37,nan
7/25/2024 2:49:34,1.16.3,FreeFeed,9,3.75,1,1,Pellet,Left,37,11,145,0,0.06,37,nan
7/25/2024 3:05:15,1.16.3,FreeFeed,9,3.75,1,1,Pellet,Left,37,11,146,0,Timed_out,941,nan
7/25/2024 3:11:45,1.16.3,FreeFeed,9,3.76,1,1,Pellet,Left,37,11,147,0,Timed_out,390,nan
7/25/2024 3:12:20,1.16.3,FreeFeed,9,3.76,nan,1,LeftDuringDispense,Left,38,11,147,0,nan,nan,0.25
7/25/2024 3:12:26,1.16.3,FreeFeed,9,3.75,2,1,Pellet,Left,38,11,148,0,3.10,41,nan
7/25/2024 3:13:36,1.16.3,FreeFeed,9,3.76,1,1,Pellet,Left,38,11,149,0,34.06,70,nan
7/25/2024 3:14:24,1.16.3,FreeFeed,9,3.76,1,1,Pellet,Left,38,11,150,0,10.45,48,nan
7/25/2024 3:16:02,1.16.3,FreeFeed,9,3.76,1,1,Pellet,Left,38,11,151,0,Timed_out,98,nan
7/25/2024 3:52:36,1.16.3,FreeFeed,9,3.75,nan,1,LeftWithPellet,Left,39,11,151,0,nan,nan,0.09
7/25/2024 3:52:40,1.16.3,FreeFeed,9,3.76,1,1,Pellet,Left,39,11,152,0,Timed_out,2198,nan
7/25/2024 3:53:28,1.16.3,FreeFeed,9,3.76,1,1,Pellet,Left,39,11,153,0,11.03,48,nan
7/25/2024 3:54:06,1.16.3,FreeFeed,9,3.75,1,1,Pellet,Left,39,11,154,0,1.26,38,nan
7/25/2024 4:43:23,1.16.3,FreeFeed,9,3.75,1,1,Pellet,Left,39,11,155,0,Timed_out,2957,nan
7/25/2024 4:44:02,1.16.3,FreeFeed,9,3.76,1,1,Pellet,Left,39,11,156,0,2.08,39,nan
7/25/2024 4:44:41,1.16.3,FreeFeed,9,3.75,2,1,Pellet,Left,39,11,157,0,0.06,39,nan
7/25/2024 4:45:17,1.16.3,FreeFeed,9,3.74,1,1,Pellet,Left,39,11,158,0,0.12,36,nan
7/25/2024 4:45:54,1.16.3,FreeFeed,9,3.75,2,1,Pellet,Left,39,11,159,0,0.25,37,nan
7/25/2024 4:46:31,1.16.3,FreeFeed,9,3.75,1,1,Pellet,Left,39,11,160,0,0.75,37,nan
7/25/2024 4:47:08,1.16.3,FreeFeed,9,3.75,1,1,Pellet,Left,39,11,161,0,0.06,37,nan
7/25/2024 4:47:45,1.16.3,FreeFeed,9,3.74,1,1,Pellet,Left,39,11,162,0,0.31,37,nan
7/25/2024 4:50:35,1.16.3,FreeFeed,9,3.75,1,1,Pellet,Left,39,11,163,0,Timed_out,170,nan
7/25/2024 4:51:13,1.16.3,FreeFeed,9,3.75,1,1,Pellet,Left,39,11,164,0,1.64,38,nan
7/25/2024 4:51:42,1.16.3,FreeFeed,9,3.75,nan,1,LeftinTimeOut,Left,40,11,164,0,nan,nan,nan
7/25/2024 4:51:46,1.16.3,FreeFeed,9,3.75,1,1,Pellet,Left,40,11,165,0,0.06,33,nan
7/25/2024 4:52:30,1.16.3,FreeFeed,9,3.75,1,1,Pellet,Left,40,11,166,0,7.41,44,nan
7/25/2024 5:01:23,1.16.3,FreeFeed,9,3.75,1,1,Pellet,Left,40,11,167,0,Timed_out,533,nan
7/25/2024 5:02:01,1.16.3,FreeFeed,9,3.75,1,1,Pellet,Left,40,11,168,0,1.13,38,nan
7/25/2024 5:03:30,1.16.3,FreeFeed,9,3.75,1,1,Pellet,Left,40,11,169,0,52.28,89,nan
7/25/2024 5:04:07,1.16.3,FreeFeed,9,3.75,1,1,Pellet,Left,40,11,170,0,0.06,37,nan
7/25/2024 5:06:54,1.16.3,FreeFeed,9,3.75,1,1,Pellet,Left,40,11,171,0,Timed_out,167,nan
7/25/2024 5:07:31,1.16.3,FreeFeed,9,3.74,1,1,Pellet,Left,40,11,172,0,0.06,37,nan
7/25/2024 5:08:09,1.16.3,FreeFeed,9,3.74,1,1,Pellet,Left,40,11,173,0,1.19,38,nan
7/25/2024 5:08:44,1.16.3,FreeFeed,9,3.75,nan,1,LeftDuringDispense,Left,41,11,173,0,nan,nan,0.09
7/25/2024 5:08:47,1.16.3,FreeFeed,9,3.74,2,1,Pellet,Left,41,11,174,0,0.06,37,nan
7/25/2024 5:12:26,1.16.3,FreeFeed,9,3.75,1,1,Pellet,Left,41,11,175,0,Timed_out,220,nan
7/25/2024 5:12:58,1.16.3,FreeFeed,9,3.74,nan,1,RightDuringDispense,Left,41,12,175,0,nan,nan,0.71
7/25/2024 5:16:08,1.16.3,FreeFeed,9,3.75,1,1,Pellet,Left,41,12,176,0,Timed_out,222,nan
7/25/2024 5:16:47,1.16.3,FreeFeed,9,3.75,2,1,Pellet,Left,41,12,177,0,0.06,39,nan
7/25/2024 5:19:14,1.16.3,FreeFeed,9,3.75,1,1,Pellet,Left,41,12,178,0,Timed_out,147,nan
7/25/2024 5:23:58,1.16.3,FreeFeed,9,3.75,2,1,Pellet,Left,41,12,179,0,Timed_out,284,nan
7/25/2024 5:24:36,1.16.3,FreeFeed,9,3.74,2,1,Pellet,Left,41,12,180,0,0.50,37,nan
7/25/2024 5:33:27,1.16.3,FreeFeed,9,3.74,1,1,Pellet,Left,41,12,181,0,Timed_out,532,nan
7/25/2024 5:34:04,1.16.3,FreeFeed,9,3.74,1,1,Pellet,Left,41,12,182,0,0.06,37,nan
7/25/2024 5:41:17,1.16.3,FreeFeed,9,3.74,1,1,Pellet,Left,41,12,183,0,Timed_out,433,nan
7/25/2024 5:41:42,1.16.3,FreeFeed,9,3.74,nan,1,LeftinTimeOut,Left,42,12,183,0,nan,nan,nan
7/25/2024 5:41:43,1.16.3,FreeFeed,9,3.74,nan,1,LeftinTimeOut,Left,43,12,183,0,nan,nan,nan
7/25/2024 5:41:56,1.16.3,FreeFeed,9,3.74,1,1,Pellet,Left,43,12,184,0,2.27,39,nan
7/25/2024 5:43:58,1.16.3,FreeFeed,9,3.74,nan,1,LeftWithPellet,Left,44,12,184,0,nan,nan,0.13
7/25/2024 5:44:02,1.16.3,FreeFeed,9,3.74,nan,1,LeftWithPellet,Left,45,12,184,0,nan,nan,1.74
7/25/2024 5:44:13,1.16.3,FreeFeed,9,3.74,2,1,Pellet,Left,45,12,185,0,Timed_out,137,nan
7/25/2024 5:44:15,1.16.3,FreeFeed,9,3.75,nan,1,RightinTimeout,Left,45,13,185,0,nan,nan,0.34
7/25/2024 5:44:16,1.16.3,FreeFeed,9,3.74,nan,1,RightinTimeout,Left,45,14,185,0,nan,nan,0.06
7/25/2024 5:44:23,1.16.3,FreeFeed,9,3.74,nan,1,RightinTimeout,Left,45,15,185,0,nan,nan,0.39
7/25/2024 5:44:23,1.16.3,FreeFeed,9,3.74,nan,1,RightinTimeout,Left,45,16,185,0,nan,nan,0.12
7/25/2024 5:44:26,1.16.3,FreeFeed,9,3.74,nan,1,RightinTimeout,Left,45,17,185,0,nan,nan,2.02
7/25/2024 5:44:51,1.16.3,FreeFeed,9,3.74,nan,1,LeftWithPellet,Left,46,17,185,0,nan,nan,0.52
7/25/2024 5:44:52,1.16.3,FreeFeed,9,3.74,nan,1,LeftWithPellet,Left,47,17,185,0,nan,nan,0.36
7/25/2024 5:44:54,1.16.3,FreeFeed,9,3.74,nan,1,LeftWithPellet,Left,48,17,185,0,nan,nan,0.40
7/25/2024 5:45:09,1.16.3,FreeFeed,9,3.74,1,1,Pellet,Left,48,17,186,0,20.25,56,nan
7/25/2024 6:00:10,1.16.3,FreeFeed,9,3.74,nan,1,LeftWithPellet,Left,49,17,186,0,nan,nan,0.60
7/25/2024 6:03:25,1.16.3,FreeFeed,9,3.74,1,1,Pellet,Left,49,17,187,0,Timed_out,1096,nan
7/25/2024 6:04:01,1.16.3,FreeFeed,9,3.75,1,1,Pellet,Left,49,17,188,0,0.06,36,nan
7/25/2024 6:08:22,1.16.3,FreeFeed,9,3.74,1,1,Pellet,Left,49,17,189,0,Timed_out,261,nan
7/25/2024 6:26:43,1.16.3,FreeFeed,9,3.74,1,1,Pellet,Left,49,17,190,0,Timed_out,1101,nan
7/25/2024 6:29:02,1.16.3,FreeFeed,9,3.74,1,1,Pellet,Left,49,17,191,0,Timed_out,139,nan
7/25/2024 6:29:38,1.16.3,FreeFeed,9,3.74,1,1,Pellet,Left,49,17,192,0,0.06,36,nan
7/25/2024 6:31:07,1.16.3,FreeFeed,9,3.74,1,1,Pellet,Left,49,17,193,0,51.75,89,nan
7/25/2024 6:31:48,1.16.3,FreeFeed,9,3.74,1,1,Pellet,Left,49,17,194,0,4.30,41,nan
7/25/2024 6:35:14,1.16.3,FreeFeed,9,3.74,1,1,Pellet,Left,49,17,195,0,Timed_out,206,nan
7/25/2024 7:49:42,1.16.3,FreeFeed,9,3.74,1,1,Pellet,Left,49,17,196,0,Timed_out,4468,nan
7/25/2024 7:50:20,1.16.3,FreeFeed,9,3.74,1,1,Pellet,Left,49,17,197,0,1.26,38,nan
7/25/2024 7:51:20,1.16.3,FreeFeed,9,3.74,1,1,Pellet,Left,49,17,198,0,23.93,60,nan
7/25/2024 8:00:34,1.16.3,FreeFeed,9,3.74,nan,1,LeftWithPellet,Left,50,17,198,0,nan,nan,0.39
7/25/2024 8:49:25,1.16.3,FreeFeed,9,3.74,1,1,Pellet,Left,50,17,199,0,Timed_out,3485,nan
7/25/2024 8:50:03,1.16.3,FreeFeed,9,3.73,1,1,Pellet,Left,50,17,200,0,1.38,38,nan
7/25/2024 8:51:06,1.16.3,FreeFeed,9,3.74,1,1,Pellet,Left,50,17,201,0,25.78,63,nan
7/25/2024 8:51:43,1.16.3,FreeFeed,9,3.73,1,1,Pellet,Left,50,17,202,0,0.06,37,nan
7/25/2024 10:15:06,1.16.3,FreeFeed,9,3.73,1,1,Pellet,Left,50,17,203,0,Timed_out,5003,nan
7/25/2024 10:15:44,1.16.3,FreeFeed,9,3.73,2,1,Pellet,Left,50,17,204,0,1.26,38,nan
7/25/2024 10:16:24,1.16.3,FreeFeed,9,3.73,1,1,Pellet,Left,50,17,205,0,3.22,40,nan
7/25/2024 10:17:02,1.16.3,FreeFeed,9,3.73,2,1,Pellet,Left,50,17,206,0,1.13,38,nan
7/25/2024 10:17:57,1.16.3,FreeFeed,9,3.73,1,1,Pellet,Left,50,17,207,0,17.69,55,nan
7/25/2024 10:44:14,1.16.3,FreeFeed,9,3.73,nan,1,LeftWithPellet,Left,51,17,207,0,nan,nan,0.64
7/25/2024 10:44:18,1.16.3,FreeFeed,9,3.73,nan,1,LeftWithPellet,Left,52,17,207,0,nan,nan,0.43
7/25/2024 10:48:00,1.16.3,FreeFeed,9,3.73,nan,1,RightWithPellet,Left,52,18,207,0,nan,nan,0.16
7/25/2024 10:52:26,1.16.3,FreeFeed,9,3.73,nan,1,LeftWithPellet,Left,53,18,207,0,nan,nan,0.28
7/25/2024 10:57:03,1.16.3,FreeFeed,9,3.73,1,1,Pellet,Left,53,18,208,0,Timed_out,2346,nan
7/25/2024 10:57:42,1.16.3,FreeFeed,9,3.73,1,1,Pellet,Left,53,18,209,0,2.59,39,nan
7/25/2024 10:58:18,1.16.3,FreeFeed,9,3.73,1,1,Pellet,Left,53,18,210,0,0.06,36,nan
7/25/2024 10:58:55,1.16.3,FreeFeed,9,3.73,2,1,Pellet,Left,53,18,211,0,0.06,37,nan
7/25/2024 10:59:40,1.16.3,FreeFeed,9,3.73,1,1,Pellet,Left,53,18,212,0,8.04,45,nan
7/25/2024 11:00:25,1.16.3,FreeFeed,9,3.73,1,1,Pellet,Left,53,18,213,0,8.29,45,nan
7/25/2024 11:01:02,1.16.3,FreeFeed,9,3.73,1,1,Pellet,Left,53,18,214,0,0.06,37,nan
7/25/2024 11:01:47,1.16.3,FreeFeed,9,3.73,1,1,Pellet,Left,53,18,215,0,7.40,45,nan
7/25/2024 11:02:32,1.16.3,FreeFeed,9,3.73,1,1,Pellet,Left,53,18,216,0,8.29,45,nan
7/25/2024 11:03:10,1.16.3,FreeFeed,9,3.73,1,1,Pellet,Left,53,18,217,0,1.83,38,nan
7/25/2024 11:04:04,1.16.3,FreeFeed,9,3.73,1,1,Pellet,Left,53,18,218,0,18.19,54,nan
7/25/2024 11:06:22,1.16.3,FreeFeed,9,3.73,2,1,Pellet,Left,53,18,219,0,Timed_out,138,nan
7/25/2024 12:29:54,1.16.3,FreeFeed,9,3.72,1,1,Pellet,Left,53,18,220,0,Timed_out,5012,nan
7/25/2024 12:31:41,1.16.3,FreeFeed,9,3.73,1,1,Pellet,Left,53,18,221,0,Timed_out,107,nan
7/25/2024 12:32:19,1.16.3,FreeFeed,9,3.71,1,1,Pellet,Left,53,18,222,0,1.83,38,nan
7/25/2024 12:32:59,1.16.3,FreeFeed,9,3.72,1,1,Pellet,Left,53,18,223,0,2.15,40,nan
7/25/2024 12:35:46,1.16.3,FreeFeed,9,3.73,nan,1,LeftWithPellet,Left,54,18,223,0,nan,nan,0.45
7/25/2024 12:38:15,1.16.3,FreeFeed,9,3.73,1,1,Pellet,Left,54,18,224,0,Timed_out,316,nan
7/25/2024 12:39:11,1.16.3,FreeFeed,9,3.72,1,1,Pellet,Left,54,18,225,0,19.42,56,nan
7/25/2024 12:39:49,1.16.3,FreeFeed,9,3.73,1,1,Pellet,Left,54,18,226,0,1.13,38,nan
7/25/2024 12:40:32,1.16.3,FreeFeed,9,3.72,1,1,Pellet,Left,54,18,227,0,6.46,43,nan
7/25/2024 13:50:31,1.16.3,FreeFeed,9,3.72,1,1,Pellet,Left,54,18,228,0,Timed_out,4199,nan
7/25/2024 14:02:34,1.16.3,FreeFeed,9,3.73,1,1,Pellet,Left,54,18,229,0,Timed_out,723,nan
7/25/2024 14:03:11,1.16.3,FreeFeed,9,3.72,1,1,Pellet,Left,54,18,230,0,0.06,37,nan
7/25/2024 14:03:49,1.16.3,FreeFeed,9,3.72,2,1,Pellet,Left,54,18,231,0,0.06,37,nan
7/25/2024 14:04:25,1.16.3,FreeFeed,9,3.72,1,1,Pellet,Left,54,18,232,0,0.06,37,nan
7/25/2024 14:05:03,1.16.3,FreeFeed,9,3.72,1,1,Pellet,Left,54,18,233,0,1.13,38,nan
7/25/2024 14:16:21,1.16.3,FreeFeed,9,3.72,1,1,Pellet,Left,54,18,234,0,Timed_out,678,nan
7/25/2024 14:16:59,1.16.3,FreeFeed,9,3.72,1,1,Pellet,Left,54,18,235,0,0.56,37,nan
7/25/2024 15:05:09,1.16.3,FreeFeed,9,3.71,1,1,Pellet,Left,54,18,236,0,Timed_out,2891,nan
7/25/2024 15:05:45,1.16.3,FreeFeed,9,3.72,1,1,Pellet,Left,54,18,237,0,0.06,36,nan
7/25/2024 15:21:19,1.16.3,FreeFeed,9,3.71,3,1,Pellet,Left,54,18,238,0,Timed_out,934,nan
7/25/2024 15:21:55,1.16.3,FreeFeed,9,3.72,1,1,Pellet,Left,54,18,239,0,0.06,36,nan
7/25/2024 15:22:32,1.16.3,FreeFeed,9,3.71,1,1,Pellet,Left,54,18,240,0,1.01,37,nan
7/25/2024 15:23:10,1.16.3,FreeFeed,9,3.72,1,1,Pellet,Left,54,18,241,0,0.31,38,nan
7/25/2024 15:24:11,1.16.3,FreeFeed,9,3.72,1,1,Pellet,Left,54,18,242,0,25.08,61,nan
7/25/2024 15:26:04,1.16.3,FreeFeed,9,3.72,1,1,Pellet,Left,54,18,243,0,Timed_out,113,nan
7/25/2024 15:26:45,1.16.3,FreeFeed,9,3.72,1,1,Pellet,Left,54,18,244,0,4.62,41,nan
7/25/2024 15:39:56,1.16.3,FreeFeed,9,3.72,1,1,Pellet,Left,54,18,245,0,Timed_out,791,nan
7/25/2024 15:40:51,1.16.3,FreeFeed,9,3.72,1,1,Pellet,Left,54,18,246,0,18.27,54,nan
7/25/2024 15:41:30,1.16.3,FreeFeed,9,3.71,1,1,Pellet,Left,54,18,247,0,3.10,40,nan
7/25/2024 15:42:07,1.16.3,FreeFeed,9,3.72,1,1,Pellet,Left,54,18,248,0,0.06,37,nan
7/25/2024 15:52:42,1.16.3,FreeFeed,9,3.72,1,1,Pellet,Left,54,18,249,0,Timed_out,635,nan
7/25/2024 15:53:19,1.16.3,FreeFeed,9,3.71,1,1,Pellet,Left,54,18,250,0,0.06,37,nan
7/25/2024 16:31:34,1.16.3,FreeFeed,9,3.71,1,1,Pellet,Left,54,18,251,0,Timed_out,2295,nan
7/25/2024 16:32:11,1.16.3,FreeFeed,9,3.71,1,1,Pellet,Left,54,18,252,0,0.06,36,nan
7/25/2024 16:32:50,1.16.3,FreeFeed,9,3.71,1,1,Pellet,Left,54,18,253,0,2.02,39,nan
7/25/2024 16:33:27,1.16.3,FreeFeed,9,3.71,2,1,Pellet,Left,54,18,254,0,0.25,38,nan
7/25/2024 16:34:14,1.16.3,FreeFeed,9,3.71,1,1,Pellet,Left,54,18,255,0,10.20,47,nan
7/25/2024 16:34:51,1.16.3,FreeFeed,9,3.71,1,1,Pellet,Left,54,18,256,0,0.06,37,nan
7/25/2024 16:51:46,1.16.3,FreeFeed,9,3.71,1,1,Pellet,Left,54,18,257,0,Timed_out,1015,nan
7/25/2024 16:52:23,1.16.3,FreeFeed,9,3.71,1,1,Pellet,Left,54,18,258,0,0.06,37,nan
7/25/2024 17:30:07,1.16.3,FreeFeed,9,3.71,2,1,Pellet,Left,54,18,259,0,Timed_out,2264,nan
7/25/2024 17:36:54,1.16.3,FreeFeed,9,3.71,1,1,Pellet,Left,54,18,260,0,Timed_out,407,nan
7/25/2024 17:43:15,1.16.3,FreeFeed,9,3.71,1,1,Pellet,Left,54,18,261,0,Timed_out,381,nan
7/25/2024 17:45:15,1.16.3,FreeFeed,9,3.71,1,1,Pellet,Left,54,18,262,0,Timed_out,120,nan
7/25/2024 17:50:14,1.16.3,FreeFeed,9,3.71,1,1,Pellet,Left,54,18,263,0,Timed_out,299,nan
7/25/2024 17:50:53,1.16.3,FreeFeed,9,3.71,1,1,Pellet,Left,54,18,264,0,2.53,39,nan
7/25/2024 17:51:30,1.16.3,FreeFeed,9,3.71,1,1,Pellet,Left,54,18,265,0,0.50,37,nan
7/25/2024 17:51:48,1.16.3,FreeFeed,9,3.71,nan,1,LeftinTimeOut,Left,55,18,265,0,nan,nan,nan
7/25/2024 17:52:07,1.16.3,FreeFeed,9,3.71,1,1,Pellet,Left,55,18,266,0,0.06,37,nan
7/25/2024 17:52:45,1.16.3,FreeFeed,9,3.71,1,1,Pellet,Left,55,18,267,0,0.82,38,nan
7/25/2024 17:53:23,1.16.3,FreeFeed,9,3.71,1,1,Pellet,Left,55,18,268,0,0.75,38,nan
7/25/2024 17:59:48,1.16.3,FreeFeed,9,3.71,1,1,Pellet,Left,55,18,269,0,Timed_out,385,nan
7/25/2024 18:00:27,1.16.3,FreeFeed,9,3.71,1,1,Pellet,Left,55,18,270,0,1.70,38,nan
7/25/2024 18:03:42,1.16.3,FreeFeed,9,3.71,nan,1,RightWithPellet,Left,55,19,270,0,nan,nan,0.01
7/25/2024 18:06:55,1.16.3,FreeFeed,9,3.71,nan,1,LeftWithPellet,Left,56,19,270,0,nan,nan,0.01
7/25/2024 18:09:22,1.16.3,FreeFeed,9,3.71,1,1,Pellet,Left,56,19,271,0,Timed_out,536,nan
7/25/2024 18:10:01,1.16.3,FreeFeed,9,3.71,1,1,Pellet,Left,56,19,272,0,1.83,39,nan
7/25/2024 18:10:38,1.16.3,FreeFeed,9,3.71,1,1,Pellet,Left,56,19,273,0,0.06,37,nan
7/25/2024 18:11:15,1.16.3,FreeFeed,9,3.71,1,1,Pellet,Left,56,19,274,0,0.06,37,nan
7/25/2024 18:12:03,1.16.3,FreeFeed,9,3.71,nan,1,LeftWithPellet,Left,57,19,274,0,nan,nan,0.25
7/25/2024 18:19:12,1.16.3,FreeFeed,9,3.71,2,1,Pellet,Left,57,19,275,0,Timed_out,477,nan
7/25/2024 18:24:56,1.16.3,FreeFeed,9,3.71,1,1,Pellet,Left,57,19,276,0,Timed_out,344,nan
7/25/2024 18:25:52,1.16.3,FreeFeed,9,3.71,1,1,Pellet,Left,57,19,277,0,19.36,56,nan
7/25/2024 18:27:26,1.16.3,FreeFeed,9,3.71,1,1,Pellet,Left,57,19,278,0,57.17,94,nan
7/25/2024 18:28:03,1.16.3,FreeFeed,9,3.71,1,1,Pellet,Left,57,19,279,0,0.06,37,nan
7/25/2024 18:28:40,1.16.3,FreeFeed,9,3.71,1,1,Pellet,Left,57,19,280,0,0.06,37,nan
7/25/2024 18:29:00,1.16.3,FreeFeed,9,3.71,nan,1,RightinTimeout,Left,57,20,280,0,nan,nan,0.19
7/25/2024 18:29:17,1.16.3,FreeFeed,9,3.71,1,1,Pellet,Left,57,20,281,0,0.06,37,nan
7/25/2024 18:32:44,1.16.3,FreeFeed,9,3.71,2,1,Pellet,Left,57,20,282,0,Timed_out,207,nan
7/25/2024 18:41:56,1.16.3,FreeFeed,9,3.71,2,1,Pellet,Left,57,20,283,0,Timed_out,552,nan
7/25/2024 18:42:37,1.16.3,FreeFeed,9,3.71,4,1,Pellet,Left,57,20,284,0,0.06,41,nan
7/25/2024 18:43:09,1.16.3,FreeFeed,9,3.71,1,1,Pellet,Left,57,20,285,0,0.06,32,nan
7/25/2024 18:45:47,1.16.3,FreeFeed,9,3.71,nan,1,LeftWithPellet,Left,58,20,285,0,nan,nan,0.32
7/25/2024 18:47:24,1.16.3,FreeFeed,9,3.71,2,1,Pellet,Left,58,20,286,0,Timed_out,255,nan
7/25/2024 18:53:20,1.16.3,FreeFeed,9,3.71,1,1,Pellet,Left,58,20,287,0,Timed_out,356,nan
7/25/2024 18:53:46,1.16.3,FreeFeed,9,3.71,nan,1,LeftinTimeOut,Left,59,20,287,0,nan,nan,nan
7/25/2024 18:53:47,1.16.3,FreeFeed,9,3.71,nan,1,LeftinTimeOut,Left,60,20,287,0,nan,nan,nan
7/25/2024 18:53:54,1.16.3,FreeFeed,9,3.70,nan,1,RightDuringDispense,Left,60,21,287,0,nan,nan,0.36
7/25/2024 18:54:00,1.16.3,FreeFeed,9,3.70,nan,1,RightWithPellet,Left,60,22,287,0,nan,nan,0.01
7/25/2024 18:59:54,1.16.3,FreeFeed,9,3.71,1,1,Pellet,Left,60,22,288,0,Timed_out,394,nan
7/25/2024 19:07:02,1.16.3,FreeFeed,9,3.71,2,1,Pellet,Left,60,22,289,0,Timed_out,428,nan
7/25/2024 19:07:41,1.16.3,FreeFeed,9,3.70,2,1,Pellet,Left,60,22,290,0,1.32,38,nan
7/25/2024 19:08:18,1.16.3,FreeFeed,9,3.70,1,1,Pellet,Left,60,22,291,0,0.37,37,nan
7/25/2024 19:08:58,1.16.3,FreeFeed,9,3.71,1,1,Pellet,Left,60,22,292,0,3.41,41,nan
7/25/2024 19:09:59,1.16.3,FreeFeed,9,3.70,1,1,Pellet,Left,60,22,293,0,25.34,61,nan
7/25/2024 19:31:18,1.16.3,FreeFeed,9,3.70,1,1,Pellet,Left,60,22,294,0,Timed_out,1279,nan
7/25/2024 19:31:56,1.16.3,FreeFeed,9,3.71,1,1,Pellet,Left,60,22,295,0,1.13,38,nan
7/25/2024 19:32:34,1.16.3,FreeFeed,9,3.71,1,1,Pellet,Left,60,22,296,0,0.50,38,nan
7/25/2024 19:33:12,1.16.3,FreeFeed,9,3.71,1,1,Pellet,Left,60,22,297,0,1.83,38,nan
7/25/2024 19:33:50,1.16.3,FreeFeed,9,3.71,1,1,Pellet,Left,60,22,298,0,0.88,38,nan
7/25/2024 19:36:59,1.16.3,FreeFeed,9,3.71,nan,1,LeftWithPellet,Left,61,22,298,0,nan,nan,0.02
7/25/2024 19:53:20,1.16.3,FreeFeed,9,3.71,1,1,Pellet,Left,61,22,299,0,Timed_out,1170,nan
7/25/2024 19:54:20,1.16.3,FreeFeed,9,3.71,1,1,Pellet,Left,61,22,300,0,23.05,60,nan
7/25/2024 19:54:57,1.16.3,FreeFeed,9,3.70,1,1,Pellet,Left,61,22,301,0,0.06,37,nan
7/25/2024 19:55:36,1.16.3,FreeFeed,9,3.71,1,1,Pellet,Left,61,22,302,0,1.45,39,nan
7/25/2024 19:59:09,1.16.3,FreeFeed,9,3.70,1,1,Pellet,Left,61,22,303,0,Timed_out,213,nan
7/25/2024 20:06:20,1.16.3,FreeFeed,9,3.71,1,1,Pellet,Left,61,22,304,0,Timed_out,431,nan
7/25/2024 20:06:59,1.16.3,FreeFeed,9,3.71,1,1,Pellet,Left,61,22,305,0,2.72,39,nan
7/25/2024 20:07:37,1.16.3,FreeFeed,9,3.71,1,1,Pellet,Left,61,22,306,0,1.83,38,nan
7/25/2024 20:14:08,1.16.3,FreeFeed,9,3.71,1,1,Pellet,Left,61,22,307,0,Timed_out,391,nan
7/25/2024 20:17:51,1.16.3,FreeFeed,9,3.71,nan,1,RightWithPellet,Left,61,23,307,0,nan,nan,0.28
7/25/2024 20:17:59,1.16.3,FreeFeed,9,3.71,nan,1,LeftWithPellet,Left,62,23,307,0,nan,nan,0.29
7/25/2024 20:18:00,1.16.3,FreeFeed,9,3.70,nan,1,LeftWithPellet,Left,63,23,307,0,nan,nan,0.05
7/25/2024 20:18:29,1.16.3,FreeFeed,9,3.71,1,1,Pellet,Left,63,23,308,0,Timed_out,261,nan
7/25/2024 20:22:12,1.16.3,FreeFeed,9,3.71,1,1,Pellet,Left,63,23,309,0,Timed_out,223,nan
7/25/2024 20:22:48,1.16.3,FreeFeed,9,3.70,1,1,Pellet,Left,63,23,310,0,0.06,36,nan
7/25/2024 20:26:59,1.16.3,FreeFeed,9,3.71,1,1,Pellet,Left,63,23,311,0,Timed_out,251,nan
7/25/2024 20:39:53,1.16.3,FreeFeed,9,3.71,1,1,Pellet,Left,63,23,312,0,Timed_out,774,nan
7/25/2024 20:40:30,1.16.3,FreeFeed,9,3.70,1,1,Pellet,Left,63,23,313,0,0.06,36,nan
7/25/2024 20:41:07,1.16.3,FreeFeed,9,3.70,2,1,Pellet,Left,63,23,314,0,0.06,38,nan
7/25/2024 20:41:44,1.16.3,FreeFeed,9,3.70,1,1,Pellet,Left,63,23,315,0,0.63,37,nan
7/25/2024 20:42:20,1.16.3,FreeFeed,9,3.70,1,1,Pellet,Left,63,23,316,0,0.06,36,nan
7/25/2024 20:43:10,1.16.3,FreeFeed,9,3.70,1,1,Pellet,Left,63,23,317,0,12.55,50,nan
7/25/2024 20:59:46,1.16.3,FreeFeed,9,3.71,nan,1,RightWithPellet,Left,63,24,317,0,nan,nan,0.10
7/25/2024 21:03:11,1.16.3,FreeFeed,9,3.70,nan,1,RightWithPellet,Left,63,25,317,0,nan,nan,0.13
7/25/2024 21:04:19,1.16.3,FreeFeed,9,3.70,nan,1,LeftWithPellet,Left,64,25,317,0,nan,nan,0.24
7/25/2024 21:04:20,1.16.3,FreeFeed,9,3.70,nan,1,LeftWithPellet,Left,65,25,317,0,nan,nan,0.04
7/25/2024 21:04:23,1.16.3,FreeFeed,9,3.70,1,1,Pellet,Left,65,25,318,0,Timed_out,1273,nan
7/25/2024 21:05:05,1.16.3,FreeFeed,9,3.70,1,1,Pellet,Left,65,25,319,0,4.36,42,nan
7/25/2024 21:05:48,1.16.3,FreeFeed,9,3.70,1,1,Pellet,Left,65,25,320,0,6.58,43,nan
7/25/2024 21:06:25,1.16.3,FreeFeed,9,3.69,1,1,Pellet,Left,65,25,321,0,0.63,37,nan
7/25/2024 21:06:42,1.16.3,FreeFeed,9,3.70,nan,1,RightinTimeout,Left,65,26,321,0,nan,nan,0.28
7/25/2024 21:06:45,1.16.3,FreeFeed,9,3.71,nan,1,LeftinTimeOut,Left,66,26,321,0,nan,nan,nan
7/25/2024 21:07:18,1.16.3,FreeFeed,9,3.70,1,1,Pellet,Left,66,26,322,0,16.74,53,nan
7/25/2024 21:07:58,1.16.3,FreeFeed,9,3.70,1,1,Pellet,Left,66,26,323,0,1.95,40,nan
7/25/2024 21:10:55,1.16.3,FreeFeed,9,3.70,1,1,Pellet,Left,66,26,324,0,Timed_out,176,nan
7/25/2024 21:11:32,1.16.3,FreeFeed,9,3.70,1,1,Pellet,Left,66,26,325,0,0.06,38,nan
7/25/2024 21:13:13,1.16.3,FreeFeed,9,3.70,1,1,Pellet,Left,66,26,326,0,Timed_out,101,nan
7/25/2024 21:14:40,1.16.3,FreeFeed,9,3.71,1,1,Pellet,Left,66,26,327,0,50.28,87,nan
7/25/2024 21:14:47,1.16.3,FreeFeed,9,3.70,nan,1,RightinTimeout,Left,66,27,327,0,nan,nan,0.41
7/25/2024 21:14:47,1.16.3,FreeFeed,9,3.70,nan,1,RightinTimeout,Left,66,28,327,0,nan,nan,0.27
7/25/2024 21:14:50,1.16.3,FreeFeed,9,3.70,nan,1,LeftinTimeOut,Left,67,28,327,0,nan,nan,nan
7/25/2024 21:14:50,1.16.3,FreeFeed,9,3.70,nan,1,LeftinTimeOut,Left,68,28,327,0,nan,nan,nan
7/25/2024 21:14:51,1.16.3,FreeFeed,9,3.71,nan,1,LeftinTimeOut,Left,69,28,327,0,nan,nan,nan
7/25/2024 21:14:52,1.16.3,FreeFeed,9,3.71,nan,1,LeftinTimeOut,Left,70,28,327,0,nan,nan,nan
7/25/2024 21:14:54,1.16.3,FreeFeed,9,3.70,nan,1,LeftinTimeOut,Left,71,28,327,0,nan,nan,nan
7/25/2024 21:14:55,1.16.3,FreeFeed,9,3.70,nan,1,LeftinTimeOut,Left,72,28,327,0,nan,nan,nan
7/25/2024 21:14:56,1.16.3,FreeFeed,9,3.70,nan,1,LeftinTimeOut,Left,73,28,327,0,nan,nan,nan
7/25/2024 21:15:12,1.16.3,FreeFeed,9,3.70,nan,1,RightDuringDispense,Left,73,29,327,0,nan,nan,0.25
7/25/2024 21:15:17,1.16.3,FreeFeed,9,3.69,nan,1,RightWithPellet,Left,73,30,327,0,nan,nan,0.26
7/25/2024 21:15:21,1.16.3,FreeFeed,9,3.70,2,1,Pellet,Left,73,30,328,0,6.39,41,nan
7/25/2024 21:17:32,1.16.3,FreeFeed,9,3.70,1,1,Pellet,Left,73,30,329,0,Timed_out,130,nan
7/25/2024 21:23:03,1.16.3,FreeFeed,9,3.70,1,1,Pellet,Left,73,30,330,0,Timed_out,332,nan
7/25/2024 21:23:40,1.16.3,FreeFeed,9,3.70,1,1,Pellet,Left,73,30,331,0,0.06,37,nan
7/25/2024 21:24:17,1.16.3,FreeFeed,9,3.69,1,1,Pellet,Left,73,30,332,0,0.06,37,nan
7/25/2024 21:24:54,1.16.3,FreeFeed,9,3.70,1,1,Pellet,Left,73,30,333,0,0.06,37,nan
7/25/2024 21:25:33,1.16.3,FreeFeed,9,3.70,1,1,Pellet,Left,73,30,334,0,2.27,39,nan
7/25/2024 21:28:37,1.16.3,FreeFeed,9,3.70,1,1,Pellet,Left,73,30,335,0,Timed_out,184,nan
7/25/2024 21:28:42,1.16.3,FreeFeed,9,3.69,nan,1,LeftinTimeOut,Left,74,30,335,0,nan,nan,nan
7/25/2024 21:29:15,1.16.3,FreeFeed,9,3.70,1,1,Pellet,Left,74,30,336,0,2.08,38,nan
7/25/2024 21:29:52,1.16.3,FreeFeed,9,3.70,1,1,Pellet,Left,74,30,337,0,0.06,37,nan
7/25/2024 21:30:31,1.16.3,FreeFeed,9,3.70,2,1,Pellet,Left,74,30,338,0,0.06,39,nan
7/25/2024 21:41:57,1.16.3,FreeFeed,9,3.70,1,1,Pellet,Left,74,30,339,0,Timed_out,686,nan
7/25/2024 21:42:29,1.16.3,FreeFeed,9,3.70,1,1,Pellet,Left,74,30,340,0,0.06,32,nan
7/25/2024 21:43:06,1.16.3,FreeFeed,9,3.70,1,1,Pellet,Left,74,30,341,0,0.06,37,nan
7/25/2024 21:45:40,1.16.3,FreeFeed,9,3.69,nan,1,LeftWithPellet,Left,75,30,341,0,nan,nan,0.16
7/25/2024 21:50:18,1.16.3,FreeFeed,9,3.70,nan,1,LeftWithPellet,Left,76,30,341,0,nan,nan,0.03
7/25/2024 21:50:26,1.16.3,FreeFeed,9,3.70,nan,1,LeftWithPellet,Left,77,30,341,0,nan,nan,0.22
7/25/2024 21:50:29,1.16.3,FreeFeed,9,3.70,nan,1,RightWithPellet,Left,77,31,341,0,nan,nan,0.14
7/25/2024 21:50:30,1.16.3,FreeFeed,9,3.70,nan,1,RightWithPellet,Left,77,32,341,0,nan,nan,0.03
7/25/2024 21:56:31,1.16.3,FreeFeed,9,3.70,nan,1,LeftWithPellet,Left,78,32,341,0,nan,nan,0.07
7/25/2024 22:00:21,1.16.3,FreeFeed,9,3.70,2,1,Pellet,Left,78,32,342,0,Timed_out,1035,nan
7/25/2024 22:20:35,1.16.3,FreeFeed,9,3.69,1,1,Pellet,Left,78,32,343,0,Timed_out,1214,nan
7/25/2024 22:21:41,1.16.3,FreeFeed,9,3.70,2,1,Pellet,Left,78,32,344,0,30.43,66,nan
7/25/2024 22:33:13,1.16.3,FreeFeed,9,3.70,1,1,Pellet,Left,78,32,345,0,Timed_out,692,nan
7/25/2024 22:33:22,1.16.3,FreeFeed,9,3.69,nan,1,LeftinTimeOut,Left,79,32,345,0,nan,nan,nan
7/25/2024 22:34:59,1.16.3,FreeFeed,9,3.70,1,1,Pellet,Left,79,32,346,0,Timed_out,106,nan
7/25/2024 22:36:17,1.16.3,FreeFeed,9,3.69,1,1,Pellet,Left,79,32,347,0,41.20,78,nan
7/25/2024 22:38:16,1.16.3,FreeFeed,9,3.70,1,1,Pellet,Left,79,32,348,0,Timed_out,119,nan
7/25/2024 22:41:28,1.16.3,FreeFeed,9,3.69,nan,1,RightWithPellet,Left,79,33,348,0,nan,nan,0.30
7/25/2024 22:52:14,1.16.3,FreeFeed,9,3.69,1,1,Pellet,Left,79,33,349,0,Timed_out,838,nan
7/25/2024 22:55:06,1.16.3,FreeFeed,9,3.69,1,1,Pellet,Left,79,33,350,0,Timed_out,172,nan
7/25/2024 23:30:50,1.16.3,FreeFeed,9,3.70,1,1,Pellet,Left,79,33,351,0,Timed_out,2144,nan
7/25/2024 23:31:29,1.16.3,FreeFeed,9,3.70,3,1,Pellet,Left,79,33,352,0,0.06,39,nan
7/25/2024 23:32:06,1.16.3,FreeFeed,9,3.70,1,1,Pellet,Left,79,33,353,0,0.63,37,nan
7/25/2024 23:32:42,1.16.3,FreeFeed,9,3.69,1,1,Pellet,Left,79,33,354,0,0.06,36,nan
7/25/2024 23:33:20,1.16.3,FreeFeed,9,3.69,1,1,Pellet,Left,79,33,355,0,0.44,38,nan
7/25/2024 23:34:06,1.16.3,FreeFeed,9,3.70,2,1,Pellet,Left,79,33,356,0,8.17,46,nan
7/25/2024 23:34:43,1.16.3,FreeFeed,9,3.69,1,1,Pellet,Left,79,33,357,0,0.25,37,nan
7/25/2024 23:35:29,1.16.3,FreeFeed,9,3.69,1,1,Pellet,Left,79,33,358,0,8.74,46,nan
7/25/2024 23:36:14,1.16.3,FreeFeed,9,3.69,1,1,Pellet,Left,79,33,359,0,9.25,45,nan
7/25/2024 23:40:50,1.16.3,FreeFeed,9,3.70,nan,1,LeftWithPellet,Left,80,33,359,0,nan,nan,0.23
7/25/2024 23:41:09,1.16.3,FreeFeed,9,3.70,nan,1,RightWithPellet,Left,80,34,359,0,nan,nan,0.39
7/25/2024 23:41:20,1.16.3,FreeFeed,9,3.69,1,1,Pellet,Left,80,34,360,0,Timed_out,306,nan
7/25/2024 23:41:28,1.16.3,FreeFeed,9,3.69,nan,1,LeftinTimeOut,Left,81,34,360,0,nan,nan,nan
7/25/2024 23:41:28,1.16.3,FreeFeed,9,3.69,nan,1,LeftinTimeOut,Left,82,34,360,0,nan,nan,nan
7/25/2024 23:41:29,1.16.3,FreeFeed,9,3.69,nan,1,LeftinTimeOut,Left,83,34,360,0,nan,nan,nan
7/25/2024 23:41:32,1.16.3,FreeFeed,9,3.69,nan,1,LeftinTimeOut,Left,84,34,360,0,nan,nan,nan
7/25/2024 23:41:33,1.16.3,FreeFeed,9,3.69,nan,1,LeftinTimeOut,Left,85,34,360,0,nan,nan,nan
7/25/2024 23:41:58,1.16.3,FreeFeed,9,3.70,nan,1,LeftWithPellet,Left,86,34,360,0,nan,nan,0.30
7/25/2024 23:44:02,1.16.3,FreeFeed,9,3.69,1,1,Pellet,Left,86,34,361,0,Timed_out,162,nan
7/25/2024 23:44:39,1.16.3,FreeFeed,9,3.69,1,1,Pellet,Left,86,34,362,0,0.06,37,nan
7/25/2024 23:48:54,1.16.3,FreeFeed,9,3.70,nan,1,LeftWithPellet,Left,87,34,362,0,nan,nan,0.32
7/25/2024 23:53:25,1.16.3,FreeFeed,9,3.69,nan,1,LeftWithPellet,Left,88,34,362,0,nan,nan,0.42
7/25/2024 23:53:32,1.16.3,FreeFeed,9,3.69,2,1,Pellet,Left,88,34,363,0,Timed_out,533,nan
7/25/2024 23:54:08,1.16.3,FreeFeed,9,3.69,1,1,Pellet,Left,88,34,364,0,0.06,36,nan
7/25/2024 23:57:00,1.16.3,FreeFeed,9,3.69,nan,1,RightWithPellet,Left,88,35,364,0,nan,nan,0.13
7/25/2024 23:57:00,1.16.3,FreeFeed,9,3.69,1,1,Pellet,Left,88,35,365,0,Timed_out,172,nan
7/26/2024 0:00:12,1.16.3,FreeFeed,9,3.69,nan,1,LeftWithPellet,Left,89,35,365,0,nan,nan,0.47
7/26/2024 0:02:56,1.16.3,FreeFeed,9,3.69,1,1,Pellet,Left,89,35,366,0,Timed_out,356,nan
7/26/2024 0:03:33,1.16.3,FreeFeed,9,3.69,1,1,Pellet,Left,89,35,367,0,0.06,37,nan
7/26/2024 0:04:37,1.16.3,FreeFeed,9,3.69,1,1,Pellet,Left,89,35,368,0,26.54,64,nan
7/26/2024 0:07:15,1.16.3,FreeFeed,9,3.69,1,1,Pellet,Left,89,35,369,0,Timed_out,158,nan
7/26/2024 0:08:40,1.16.3,FreeFeed,9,3.69,1,1,Pellet,Left,89,35,370,0,48.43,85,nan
7/26/2024 0:08:41,1.16.3,FreeFeed,9,3.69,nan,1,RightinTimeout,Left,89,36,370,0,nan,nan,0.14
7/26/2024 0:08:42,1.16.3,FreeFeed,9,3.69,nan,1,RightinTimeout,Left,89,37,370,0,nan,nan,0.32
7/26/2024 0:08:43,1.16.3,FreeFeed,9,3.69,nan,1,RightinTimeout,Left,89,38,370,0,nan,nan,0.23
7/26/2024 0:08:49,1.16.3,FreeFeed,9,3.69,nan,1,RightinTimeout,Left,89,39,370,0,nan,nan,0.16
7/26/2024 0:08:52,1.16.3,FreeFeed,9,3.69,nan,1,RightinTimeout,Left,89,40,370,0,nan,nan,0.13
7/26/2024 0:08:54,1.16.3,FreeFeed,9,3.69,nan,1,LeftinTimeOut,Left,90,40,370,0,nan,nan,nan
7/26/2024 0:08:54,1.16.3,FreeFeed,9,3.69,nan,1,LeftinTimeOut,Left,91,40,370,0,nan,nan,nan
7/26/2024 0:08:56,1.16.3,FreeFeed,9,3.69,nan,1,LeftinTimeOut,Left,92,40,370,0,nan,nan,nan
7/26/2024 0:08:56,1.16.3,FreeFeed,9,3.69,nan,1,LeftinTimeOut,Left,93,40,370,0,nan,nan,nan
7/26/2024 0:09:10,1.16.3,FreeFeed,9,3.69,nan,1,LeftinTimeOut,Left,94,40,370,0,nan,nan,nan
7/26/2024 0:09:12,1.16.3,FreeFeed,9,3.69,1,1,Pellet,Left,94,40,371,0,0.06,32,nan
7/26/2024 0:09:48,1.16.3,FreeFeed,9,3.69,1,1,Pellet,Left,94,40,372,0,0.06,36,nan
7/26/2024 0:27:07,1.16.3,FreeFeed,9,3.69,1,1,Pellet,Left,94,40,373,0,Timed_out,1039,nan
7/26/2024 0:27:44,1.16.3,FreeFeed,9,3.69,1,1,Pellet,Left,94,40,374,0,0.06,37,nan
7/26/2024 0:34:33,1.16.3,FreeFeed,9,3.69,nan,1,RightWithPellet,Left,94,41,374,0,nan,nan,0.82
7/26/2024 0:35:43,1.16.3,FreeFeed,9,3.69,1,1,Pellet,Left,94,41,375,0,Timed_out,479,nan
7/26/2024 0:36:08,1.16.3,FreeFeed,9,3.69,nan,1,LeftinTimeOut,Left,95,41,375,0,nan,nan,nan
7/26/2024 0:36:10,1.16.3,FreeFeed,9,3.69,nan,1,LeftinTimeOut,Left,96,41,375,0,nan,nan,nan
7/26/2024 0:36:30,1.16.3,FreeFeed,9,3.69,nan,1,LeftWithPellet,Left,97,41,375,0,nan,nan,0.06
7/26/2024 0:37:00,1.16.3,FreeFeed,9,3.69,1,1,Pellet,Left,97,41,376,0,40.01,77,nan
7/26/2024 0:37:32,1.16.3,FreeFeed,9,3.69,nan,1,RightDuringDispense,Left,97,42,376,0,nan,nan,0.03
7/26/2024 0:37:35,1.16.3,FreeFeed,9,3.69,2,1,Pellet,Left,97,42,377,0,0.06,35,nan
7/26/2024 0:38:11,1.16.3,FreeFeed,9,3.69,1,1,Pellet,Left,97,42,378,0,0.06,36,nan
7/26/2024 0:39:52,1.16.3,FreeFeed,9,3.69,1,1,Pellet,Left,97,42,379,0,Timed_out,101,nan
7/26/2024 0:40:29,1.16.3,FreeFeed,9,3.69,1,1,Pellet,Left,97,42,380,0,0.56,37,nan
7/26/2024 0:43:20,1.16.3,FreeFeed,9,3.69,nan,1,RightWithPellet,Left,97,43,380,0,nan,nan,0.11
7/26/2024 0:44:49,1.16.3,FreeFeed,9,3.69,1,1,Pellet,Left,97,43,381,0,Timed_out,260,nan
7/26/2024 0:45:25,1.16.3,FreeFeed,9,3.69,1,1,Pellet,Left,97,43,382,0,0.06,36,nan
7/26/2024 0:45:52,1.16.3,FreeFeed,9,3.69,nan,1,LeftinTimeOut,Left,98,43,382,0,nan,nan,nan
7/26/2024 0:45:59,1.16.3,FreeFeed,9,3.69,nan,1,LeftWithPellet,Left,99,43,382,0,nan,nan,0.02
7/26/2024 0:46:00,1.16.3,FreeFeed,9,3.69,nan,1,LeftWithPellet,Left,100,43,382,0,nan,nan,0.55
7/26/2024 0:46:02,1.16.3,FreeFeed,9,3.69,nan,1,LeftWithPellet,Left,101,43,382,0,nan,nan,0.33
7/26/2024 0:46:03,1.16.3,FreeFeed,9,3.69,nan,1,LeftWithPellet,Left,102,43,382,0,nan,nan,0.04
7/26/2024 0:48:49,1.16.3,FreeFeed,9,3.69,nan,1,RightWithPellet,Left,102,44,382,0,nan,nan,0.29
7/26/2024 0:57:01,1.16.3,FreeFeed,9,3.69,nan,1,RightWithPellet,Left,102,45,382,0,nan,nan,0.08
7/26/2024 1:01:24,1.16.3,FreeFeed,9,3.69,1,1,Pellet,Left,102,45,383,0,Timed_out,959,nan
7/26/2024 1:04:53,1.16.3,FreeFeed,9,3.69,1,1,Pellet,Left,102,45,384,0,Timed_out,209,nan
7/26/2024 1:10:13,1.16.3,FreeFeed,9,3.69,nan,1,RightWithPellet,Left,102,46,384,0,nan,nan,0.48
7/26/2024 1:18:25,1.16.3,FreeFeed,9,3.69,1,1,Pellet,Left,102,46,385,0,Timed_out,812,nan
7/26/2024 2:14:45,1.16.3,FreeFeed,9,3.69,1,1,Pellet,Left,102,46,386,0,Timed_out,3380,nan
7/26/2024 2:15:22,1.16.3,FreeFeed,9,3.69,1,1,Pellet,Left,102,46,387,0,0.06,37,nan
7/26/2024 2:19:32,1.16.3,FreeFeed,9,3.69,1,1,Pellet,Left,102,46,388,0,Timed_out,250,nan
7/26/2024 2:20:44,1.16.3,FreeFeed,9,3.69,2,1,Pellet,Left,102,46,389,0,33.17,72,nan
7/26/2024 2:21:23,1.16.3,FreeFeed,9,3.69,1,1,Pellet,Left,102,46,390,0,2.08,39,nan
7/26/2024 2:22:03,1.16.3,FreeFeed,9,3.69,1,1,Pellet,Left,102,46,391,0,2.78,40,nan
7/26/2024 3:17:13,1.16.3,FreeFeed,9,3.69,1,1,Pellet,Left,102,46,392,0,Timed_out,3310,nan
7/26/2024 3:29:00,1.16.3,FreeFeed,9,3.69,1,1,Pellet,Left,102,46,393,0,Timed_out,707,nan
7/26/2024 3:29:36,1.16.3,FreeFeed,9,3.69,1,1,Pellet,Left,102,46,394,0,0.06,36,nan
7/26/2024 3:34:38,1.16.3,FreeFeed,9,3.69,1,1,Pellet,Left,102,46,395,0,Timed_out,302,nan
7/26/2024 3:34:59,1.16.3,FreeFeed,9,3.69,nan,1,LeftinTimeOut,Left,103,46,395,0,nan,nan,nan
7/26/2024 3:35:14,1.16.3,FreeFeed,9,3.69,1,1,Pellet,Left,103,46,396,0,0.06,36,nan
7/26/2024 3:35:52,1.16.3,FreeFeed,9,3.69,1,1,Pellet,Left,103,46,397,0,1.26,38,nan
7/26/2024 3:36:07,1.16.3,FreeFeed,9,3.69,nan,1,LeftinTimeOut,Left,104,46,397,0,nan,nan,nan
7/26/2024 3:36:10,1.16.3,FreeFeed,9,3.69,nan,1,LeftinTimeOut,Left,105,46,397,0,nan,nan,nan
7/26/2024 3:36:10,1.16.3,FreeFeed,9,3.69,nan,1,LeftinTimeOut,Left,106,46,397,0,nan,nan,nan
7/26/2024 3:36:11,1.16.3,FreeFeed,9,3.69,nan,1,LeftinTimeOut,Left,107,46,397,0,nan,nan,nan
7/26/2024 3:36:14,1.16.3,FreeFeed,9,3.69,nan,1,LeftinTimeOut,Left,108,46,397,0,nan,nan,nan
7/26/2024 3:36:29,1.16.3,FreeFeed,9,3.68,1,1,Pellet,Left,108,46,398,0,0.06,37,nan
7/26/2024 3:38:40,1.16.3,FreeFeed,9,3.69,nan,1,LeftWithPellet,Left,109,46,398,0,nan,nan,0.71
7/26/2024 3:38:58,1.16.3,FreeFeed,9,3.69,nan,1,RightWithPellet,Left,109,47,398,0,nan,nan,0.68
7/26/2024 3:39:16,1.16.3,FreeFeed,9,3.69,nan,1,LeftWithPellet,Left,110,47,398,0,nan,nan,0.80
7/26/2024 3:39:20,1.16.3,FreeFeed,9,3.69,nan,1,LeftWithPellet,Left,111,47,398,0,nan,nan,0.35
7/26/2024 3:42:24,1.16.3,FreeFeed,9,3.69,2,1,Pellet,Left,111,47,399,0,Timed_out,355,nan
7/26/2024 3:43:01,1.16.3,FreeFeed,9,3.69,1,1,Pellet,Left,111,47,400,0,0.50,37,nan
7/26/2024 3:43:34,1.16.3,FreeFeed,9,3.69,1,1,Pellet,Left,111,47,401,0,0.06,32,nan
7/26/2024 3:43:52,1.16.3,FreeFeed,9,3.69,nan,1,LeftinTimeOut,Left,112,47,401,0,nan,nan,nan
7/26/2024 3:43:52,1.16.3,FreeFeed,9,3.69,nan,1,LeftinTimeOut,Left,113,47,401,0,nan,nan,nan
7/26/2024 3:43:55,1.16.3,FreeFeed,9,3.69,nan,1,LeftinTimeOut,Left,114,47,401,0,nan,nan,nan
7/26/2024 3:43:59,1.16.3,FreeFeed,9,3.69,nan,1,RightinTimeout,Left,114,48,401,0,nan,nan,0.32
7/26/2024 3:44:01,1.16.3,FreeFeed,9,3.69,nan,1,LeftinTimeOut,Left,115,48,401,0,nan,nan,nan
7/26/2024 3:49:50,1.16.3,FreeFeed,9,3.68,1,1,Pellet,Left,115,48,402,0,Timed_out,377,nan
7/26/2024 3:50:27,1.16.3,FreeFeed,9,3.69,2,1,Pellet,Left,115,48,403,0,0.06,37,nan
7/26/2024 3:51:07,1.16.3,FreeFeed,9,3.69,1,1,Pellet,Left,115,48,404,0,2.84,40,nan
7/26/2024 4:02:11,1.16.3,FreeFeed,9,3.69,nan,1,LeftWithPellet,Left,116,48,404,0,nan,nan,0.40
7/26/2024 4:02:30,1.16.3,FreeFeed,9,3.69,nan,1,LeftWithPellet,Left,117,48,404,0,nan,nan,0.02
7/26/2024 4:10:58,1.16.3,FreeFeed,9,3.69,2,1,Pellet,Left,117,48,405,0,Timed_out,1191,nan
7/26/2024 4:11:46,1.16.3,FreeFeed,9,3.68,1,1,Pellet,Left,117,48,406,0,11.97,48,nan
7/26/2024 4:12:23,1.16.3,FreeFeed,9,3.69,1,1,Pellet,Left,117,48,407,0,0.06,37,nan
7/26/2024 4:13:00,1.16.3,FreeFeed,9,3.68,1,1,Pellet,Left,117,48,408,0,0.06,37,nan
7/26/2024 4:15:27,1.16.3,FreeFeed,9,3.69,nan,1,RightWithPellet,Left,117,49,408,0,nan,nan,0.22
7/26/2024 4:20:48,1.16.3,FreeFeed,9,3.69,nan,1,LeftWithPellet,Left,118,49,408,0,nan,nan,0.22
7/26/2024 4:22:28,1.16.3,FreeFeed,9,3.68,nan,1,RightWithPellet,Left,118,50,408,0,nan,nan,0.04
7/26/2024 4:22:45,1.16.3,FreeFeed,9,3.69,nan,1,LeftWithPellet,Left,119,50,408,0,nan,nan,0.43
7/26/2024 4:22:48,1.16.3,FreeFeed,9,3.69,nan,1,LeftWithPellet,Left,120,50,408,0,nan,nan,0.58
7/26/2024 4:23:31,1.16.3,FreeFeed,9,3.68,1,1,Pellet,Left,120,50,409,0,Timed_out,631,nan
7/26/2024 4:23:34,1.16.3,FreeFeed,9,3.68,nan,1,LeftinTimeOut,Left,121,50,409,0,nan,nan,nan
7/26/2024 4:24:10,1.16.3,FreeFeed,9,3.69,1,1,Pellet,Left,121,50,410,0,2.52,39,nan
7/26/2024 4:25:11,1.16.3,FreeFeed,9,3.69,2,1,Pellet,Left,121,50,411,0,24.23,61,nan
7/26/2024 4:39:38,1.16.3,FreeFeed,9,3.69,1,1,Pellet,Left,121,50,412,0,Timed_out,867,nan
7/26/2024 4:45:03,1.16.3,FreeFeed,9,3.69,1,1,Pellet,Left,121,50,413,0,Timed_out,325,nan
7/26/2024 4:53:06,1.16.3,FreeFeed,9,3.69,1,1,Pellet,Left,121,50,414,0,Timed_out,483,nan
7/26/2024 4:54:12,1.16.3,FreeFeed,9,3.69,1,1,Pellet,Left,121,50,415,0,29.78,66,nan
7/26/2024 4:57:38,1.16.3,FreeFeed,9,3.69,1,1,Pellet,Left,121,50,416,0,Timed_out,206,nan
7/26/2024 4:57:46,1.16.3,FreeFeed,9,3.68,nan,1,RightinTimeout,Left,121,51,416,0,nan,nan,0.39
7/26/2024 4:57:51,1.16.3,FreeFeed,9,3.69,nan,1,RightinTimeout,Left,121,52,416,0,nan,nan,0.19
7/26/2024 4:57:53,1.16.3,FreeFeed,9,3.69,nan,1,RightinTimeout,Left,121,53,416,0,nan,nan,0.51
7/26/2024 4:58:44,1.16.3,FreeFeed,9,3.68,1,1,Pellet,Left,121,53,417,0,28.32,66,nan
7/26/2024 5:00:54,1.16.3,FreeFeed,9,3.68,nan,1,RightWithPellet,Left,121,54,417,0,nan,nan,0.22
7/26/2024 5:10:22,1.16.3,FreeFeed,9,3.68,1,1,Pellet,Left,121,54,418,0,Timed_out,698,nan
7/26/2024 5:15:01,1.16.3,FreeFeed,9,3.69,nan,1,RightWithPellet,Left,121,55,418,0,nan,nan,0.30
7/26/2024 5:16:39,1.16.3,FreeFeed,9,3.69,1,1,Pellet,Left,121,55,419,0,Timed_out,377,nan
7/26/2024 5:17:01,1.16.3,FreeFeed,9,3.69,nan,1,RightinTimeout,Left,121,56,419,0,nan,nan,0.28
7/26/2024 5:17:07,1.16.3,FreeFeed,9,3.69,nan,1,RightinTimeout,Left,121,57,419,0,nan,nan,0.00
7/26/2024 5:20:04,1.16.3,FreeFeed,9,3.69,nan,1,LeftWithPellet,Left,122,57,419,0,nan,nan,0.16
7/26/2024 5:22:26,1.16.3,FreeFeed,9,3.68,1,1,Pellet,Left,122,57,420,0,Timed_out,347,nan
7/26/2024 5:29:41,1.16.3,FreeFeed,9,3.69,1,1,Pellet,Left,122,57,421,0,Timed_out,435,nan
7/26/2024 5:30:28,1.16.3,FreeFeed,9,3.69,nan,1,RightWithPellet,Left,122,58,421,0,nan,nan,0.06
7/26/2024 5:30:29,1.16.3,FreeFeed,9,3.69,nan,1,RightWithPellet,Left,122,59,421,0,nan,nan,0.15
7/26/2024 5:30:30,1.16.3,FreeFeed,9,3.69,nan,1,RightWithPellet,Left,122,60,421,0,nan,nan,0.70
7/26/2024 5:30:32,1.16.3,FreeFeed,9,3.69,nan,1,RightWithPellet,Left,122,61,421,0,nan,nan,0.68
7/26/2024 5:30:35,1.16.3,FreeFeed,9,3.69,1,1,Pellet,Left,122,61,422,0,17.45,54,nan
7/26/2024 5:30:37,1.16.3,FreeFeed,9,3.69,nan,1,LeftinTimeOut,Left,123,61,422,0,nan,nan,nan
7/26/2024 5:30:38,1.16.3,FreeFeed,9,3.68,nan,1,LeftinTimeOut,Left,124,61,422,0,nan,nan,nan
7/26/2024 5:31:12,1.16.3,FreeFeed,9,3.68,1,1,Pellet,Left,124,61,423,0,0.06,37,nan
7/26/2024 5:35:22,1.16.3,FreeFeed,9,3.69,1,1,Pellet,Left,124,61,424,0,Timed_out,250,nan
7/26/2024 5:42:05,1.16.3,FreeFeed,9,3.68,1,1,Pellet,Left,124,61,425,0,Timed_out,403,nan
7/26/2024 5:49:19,1.16.3,FreeFeed,9,3.68,1,1,Pellet,Left,124,61,426,0,Timed_out,434,nan
7/26/2024 5:56:15,1.16.3,FreeFeed,9,3.68,nan,1,RightWithPellet,Left,124,62,426,0,nan,nan,0.03
7/26/2024 5:58:48,1.16.3,FreeFeed,9,3.68,1,1,Pellet,Left,124,62,427,0,Timed_out,569,nan
7/26/2024 6:11:16,1.16.3,FreeFeed,9,3.69,1,1,Pellet,Left,124,62,428,0,Timed_out,748,nan
7/26/2024 6:13:22,1.16.3,FreeFeed,9,3.67,1,1,Pellet,Left,124,62,429,0,Timed_out,126,nan
7/26/2024 6:14:00,1.16.3,FreeFeed,9,3.69,1,1,Pellet,Left,124,62,430,0,1.45,38,nan
7/26/2024 6:14:41,1.16.3,FreeFeed,9,3.68,1,1,Pellet,Left,124,62,431,0,4.23,41,nan
7/26/2024 7:36:14,1.16.3,FreeFeed,9,3.68,1,1,Pellet,Left,124,62,432,0,Timed_out,4893,nan
7/26/2024 7:37:42,1.16.3,FreeFeed,9,3.68,1,1,Pellet,Left,124,62,433,0,50.67,88,nan
7/26/2024 7:38:20,1.16.3,FreeFeed,9,3.68,2,1,Pellet,Left,124,62,434,0,0.06,38,nan
7/26/2024 7:39:01,1.16.3,FreeFeed,9,3.67,1,1,Pellet,Left,124,62,435,0,3.54,40,nan
7/26/2024 8:33:36,1.16.3,FreeFeed,9,3.68,1,1,Pellet,Left,124,62,436,0,Timed_out,3276,nan
7/26/2024 8:36:39,1.16.3,FreeFeed,9,3.67,1,1,Pellet,Left,124,62,437,0,Timed_out,183,nan
7/26/2024 8:38:05,1.16.3,FreeFeed,9,3.67,1,1,Pellet,Left,124,62,438,0,49.01,86,nan
7/26/2024 9:11:15,1.16.3,FreeFeed,9,3.67,1,1,Pellet,Left,124,62,439,0,Timed_out,1990,nan
7/26/2024 9:12:01,1.16.3,FreeFeed,9,3.68,1,1,Pellet,Left,124,62,440,0,9.56,46,nan
7/26/2024 9:13:54,1.16.3,FreeFeed,9,3.68,2,1,Pellet,Left,124,62,441,0,Timed_out,113,nan
7/26/2024 9:35:47,1.16.3,FreeFeed,9,3.67,1,1,Pellet,Left,124,62,442,0,Timed_out,1313,nan
